score;dataset_split;experiment
;correctness;0.95
A resposta gerada é bem organizada, com uma estrutura lógica clara, mas poderia ser mais direta. A linguagem é simples e direta, mas a introdução poderia ser mais concisa. Não há ambiguidades significativas, mas a resposta poderia ser mais específica sobre o problema técnico. A concisão é razoável, mas a introdução poderia ser reduzida para focar mais nos critérios de aceitação. No geral, a resposta é clara, mas poderia ser mais direta e específica para melhorar a clareza geral.;clarity;0.8
;helpfulness;0.76
;correctness;0.665
;correctness;0.6779
A resposta gerada é quase idêntica à resposta esperada, com apenas uma pequena diferença no 'Contexto Técnico'. A resposta gerada adiciona uma expectativa de retorno HTTP 200, que é relevante, mas não estava explicitamente na resposta esperada. Todas as informações importantes da resposta esperada estão presentes na resposta gerada, exceto a menção específica do nome do gateway de pagamento, que foi omitida. Portanto, a precisão e o recall são ambos altos, mas não perfeitos devido a essa pequena omissão.;f1_score;0.9
A resposta gerada é bem organizada, com uma estrutura lógica que separa claramente os critérios de aceitação e o contexto técnico. A linguagem é direta e compreensível, embora use alguns termos técnicos que podem não ser claros para todos os leitores. A resposta é clara e sem ambiguidades, mas poderia ser mais concisa, especialmente na repetição de informações sobre o índice na coluna data_venda. No geral, a resposta é clara, mas poderia ser melhorada em concisão e simplificação da linguagem técnica.;clarity;0.8
A resposta gerada é precisa e não contém alucinações, pois aborda corretamente a necessidade de restrição de acesso aos dados dos usuários e a implementação de verificações de permissão. Está focada na questão de segurança apresentada, sem divagações. No entanto, falta mencionar o registro em log de auditoria para acessos de administradores, conforme a resposta esperada. Todas as informações fornecidas são factualmente corretas, mas a ausência desse detalhe específico reduz ligeiramente a pontuação de correção factual.;precision;0.9
A resposta gerada é bem organizada, com uma estrutura lógica que segue o fluxo de um cenário de uso típico. A linguagem é clara e direta, facilitando a compreensão. Não há ambiguidades, pois a resposta explica claramente o problema e a solução esperada. No entanto, a resposta poderia ser um pouco mais concisa, eliminando algumas repetições, como a explicação do cálculo do desconto, que já está clara na primeira menção. No geral, a resposta é eficaz em comunicar o problema e a solução de forma clara e organizada.;clarity;0.9
;helpfulness;0.865
A resposta gerada é precisa e aborda os problemas identificados, como XSS, erros de gateway de pagamento, race condition em cupons e problemas de UX. Não há alucinações, pois todas as informações são baseadas nos problemas apresentados. A resposta está focada na pergunta, oferecendo critérios de aceitação e tarefas técnicas relevantes. No entanto, há uma pequena imprecisão factual: a resposta gerada não menciona explicitamente a necessidade de aumentar o pool de conexões do Postgres, que é um ponto crítico identificado no problema. Isso reduz ligeiramente a correção factual.;precision;0.9
;correctness;0.6427
A resposta gerada é precisa ao abordar o problema do z-index e a necessidade do modal aparecer acima do menu lateral. No entanto, omite detalhes importantes como o desfocar do menu, a ocupação de 90% da largura da tela, e critérios de acessibilidade como foco no teclado e fechamento com ESC. A precisão é alta, pois as informações fornecidas são corretas, mas o recall é moderado devido à ausência de vários critérios de aceitação e acessibilidade presentes na resposta esperada.;f1_score;0.6154
A resposta é bem organizada, com uma estrutura lógica que facilita a compreensão. A linguagem é clara e direta, evitando jargões desnecessários, o que a torna fácil de entender. Não há ambiguidades, pois a resposta detalha claramente os problemas e as soluções propostas. No entanto, a resposta poderia ser um pouco mais concisa, já que algumas seções são extensas e repetitivas. No geral, a resposta é eficaz em comunicar as informações necessárias de forma clara e organizada.;clarity;0.9
;helpfulness;0.9
A resposta gerada é precisa em termos de ausência de alucinações (1.0), pois não contém informações inventadas. No entanto, o foco na pergunta é moderado (0.5) porque a resposta se concentra mais na prevenção do problema do que na validação de estoque no checkout, que é o foco da pergunta. A correção factual também é moderada (0.5) porque, embora a resposta aborde a questão do estoque, não menciona a necessidade de validação em tempo real no checkout, como a resposta esperada sugere.;precision;0.67
;correctness;0.8871
A resposta gerada aborda corretamente a necessidade de impedir a finalização de compras com produtos fora de estoque, mas omite detalhes importantes como a validação em tempo real e a sugestão de remover ou aguardar reposição. A precisão é penalizada por não mencionar a reserva temporária de estoque e a mensagem clara sobre indisponibilidade. O recall é limitado pela ausência de critérios de prevenção e contexto do bug, como o impacto e cenário crítico. A resposta gerada cobre parcialmente os critérios de aceitação, mas falta em detalhes e contexto técnico.;f1_score;0.5833
;helpfulness;0.875
A resposta gerada é precisa e não contém alucinações, pois descreve corretamente a necessidade de exibir a contagem correta de usuários ativos no dashboard. Está focada na pergunta, abordando a discrepância entre os números exibidos e os reais. No entanto, a resposta gerada não menciona explicitamente a inclusão de usuários com status 'ativo', como na resposta esperada. Isso resulta em uma pequena imprecisão factual. No geral, a resposta é clara e relevante, mas poderia ser ligeiramente mais precisa ao alinhar-se completamente com a resposta esperada.;precision;0.9
A resposta gerada cobre corretamente a necessidade de restrição de acesso e a resposta HTTP 403 para usuários comuns, mas omite detalhes como o registro em log de auditoria para admins. A precisão é alta, pois a maioria das informações são corretas e relevantes, mas a resposta poderia ser mais precisa ao incluir a severidade e o tipo de vulnerabilidade. O recall é menor porque faltam detalhes importantes, como a capacidade dos administradores de acessar todos os dados e a necessidade de um middleware de autorização.;f1_score;0.7467
A resposta gerada é precisa ao identificar a necessidade de carregamento paginado e evitar ANR, mas omite detalhes técnicos como o uso de RecyclerView e carregamento em background thread. A precisão é alta, pois a maioria das informações são corretas e relevantes, mas a recall é menor devido à falta de detalhes técnicos específicos e a diferença no tempo de congelamento permitido (1 segundo na resposta gerada versus 2 segundos na esperada).;f1_score;0.6857
;correctness;0.6267
;correctness;0.8234
;helpfulness;0.9
A resposta gerada é bem organizada, com uma estrutura lógica que segue o formato de user stories e critérios de aceitação, pontuando 0.9 em organização. A linguagem é clara e direta, mas poderia ser simplificada ainda mais, resultando em 0.8. Não há ambiguidades significativas, mas a repetição de informações pode causar alguma confusão, pontuando 0.8. A concisão é boa, mas a resposta poderia ser mais direta ao ponto, sem repetir a situação atual e esperada, resultando em 0.8. A média dos critérios é 0.85.;clarity;0.85
;correctness;0.8234
;correctness;0.8234
;helpfulness;0.735
;correctness;0.9
;helpfulness;0.95
A resposta gerada cobre a maioria dos pontos da resposta esperada, como a adaptação do layout e a visibilidade dos elementos. No entanto, a resposta gerada menciona 'elementos interativos' que não estão na resposta esperada, o que é uma adição desnecessária. A precisão é alta, pois quase todas as informações são corretas e relevantes. O recall também é alto, pois quase todas as informações importantes da resposta esperada estão presentes, exceto a menção específica de 'alinhamento' dos elementos.;f1_score;0.9
A resposta gerada é clara e bem estruturada, com uma organização lógica que segue os critérios de aceitação e contexto técnico. A linguagem é simples e direta, facilitando a compreensão. Não há ambiguidades, pois a resposta comunica claramente o problema e a expectativa de comportamento do sistema. No entanto, a resposta poderia ser ligeiramente mais concisa ao evitar repetir informações já implícitas, como a expectativa de retorno HTTP 200, que já está mencionada nos critérios de aceitação. No geral, a resposta é clara e eficaz.;clarity;0.9
;helpfulness;0.925
A resposta gerada é precisa e aborda diretamente os problemas apresentados, sem alucinações. Ela fornece critérios de aceitação claros e tarefas técnicas sugeridas que são relevantes para resolver os problemas descritos. No entanto, a resposta poderia ser mais concisa em algumas partes, como na descrição detalhada das soluções técnicas, que não eram explicitamente solicitadas. Todas as informações são factualmente corretas e baseadas no contexto fornecido, mas a extensão das soluções pode ser vista como uma leve divagação, afetando o foco na pergunta original.;precision;0.9
A resposta gerada é precisa em termos de identificar o problema do z-index e a necessidade de o modal aparecer acima do menu lateral. No entanto, falta detalhamento em critérios de acessibilidade e não menciona o backdrop, que são abordados na resposta esperada. A resposta está focada na questão principal, mas não aborda todos os aspectos mencionados na referência. As informações fornecidas são factualmente corretas, mas incompletas em comparação com a resposta esperada, que inclui mais detalhes técnicos e de acessibilidade.;precision;0.67
A resposta gerada cobre corretamente os problemas de performance, cálculo de MRR, cache e exportação de CSV, alinhando-se com os critérios de aceitação esperados. No entanto, a resposta não menciona detalhes específicos como a implementação de materialized views, a estratégia híbrida de cache, ou o uso de background jobs para exportação, que são partes importantes da solução técnica. Além disso, a resposta gerada não aborda a necessidade de testes unitários e documentação, que são cruciais para garantir a consistência e a confiabilidade do sistema.;f1_score;0.7467
;helpfulness;0.665
;correctness;0.9235
A resposta gerada cobre a maioria dos pontos da resposta esperada, como a necessidade de uma contagem correta e atualização em tempo real. No entanto, omite o critério de incluir apenas usuários com status 'ativo'. A menção ao contexto técnico é relevante, mas não essencial para os critérios de aceitação. A precisão é alta, pois a maioria das informações são corretas e relevantes, mas a omissão de um critério importante reduz o recall.;f1_score;0.8
A resposta gerada é relevante e correta ao abordar o problema de imagens não carregando no Safari e a necessidade de exibição correta. No entanto, falta mencionar a qualidade das imagens e o tempo de carregamento, que são critérios importantes na resposta esperada. A precisão é alta, pois a maioria das informações fornecidas são relevantes, mas o recall é menor devido à omissão de detalhes importantes como a qualidade e tempo de carregamento das imagens.;f1_score;0.6857
;correctness;0.6078
A resposta é bem organizada, com seções claras para critérios de aceitação, contexto do bug e tarefas técnicas. A linguagem é simples e direta, evitando jargões desnecessários, o que facilita a compreensão. Não há ambiguidades, pois cada ponto é explicado de forma clara e detalhada. A concisão é mantida, com informações relevantes e sem redundâncias. No entanto, a resposta poderia ser ligeiramente mais concisa em algumas seções, como nos critérios técnicos, para melhorar ainda mais a clareza geral.;clarity;0.95
A resposta gerada carece de clareza em vários aspectos. Em termos de organização, a estrutura é confusa e não segue uma ordem lógica clara, resultando em um score de 0.4. A linguagem é simples, mas a falta de contexto específico reduz a compreensão, resultando em 0.6. A ausência de ambiguidade é comprometida pela falta de detalhes específicos, levando a um score de 0.5. A concisão é prejudicada por informações redundantes e falta de foco, resultando em 0.5. A média dos critérios é 0.5, refletindo a necessidade de melhorias significativas na clareza geral da resposta.;clarity;0.5
A resposta gerada pelo modelo é idêntica à resposta esperada. Todas as informações são corretas e relevantes, e não há informações incorretas ou desnecessárias. Além disso, todos os critérios de aceitação da resposta esperada estão presentes na resposta gerada. Portanto, tanto a precisão quanto o recall são 1.0, pois a resposta gerada atende completamente às expectativas sem omissões ou adições desnecessárias.;f1_score;1.0
A resposta gerada é precisa, pois aborda a necessidade de validação do email e menciona a exibição de uma mensagem de erro e a impossibilidade de prosseguir com o cadastro, que são informações corretas e relevantes. No entanto, falta a explicação sobre o formato correto do email, o que reduz o recall. A resposta gerada também inclui um contexto técnico que não é necessário, mas não prejudica a precisão. A maioria das informações importantes da resposta esperada está presente, mas a omissão da explicação do formato correto impacta o recall.;f1_score;0.8471
A resposta gerada não contém alucinações, pois descreve corretamente o problema e a expectativa de que as imagens carreguem no Safari, resultando em uma pontuação de 1.0 para ausência de alucinações. No entanto, a resposta não está totalmente focada na pergunta, pois inclui um contexto técnico que não foi solicitado, resultando em uma pontuação de 0.5 para foco na pergunta. Em termos de correção factual, a resposta está correta, mas não menciona a qualidade e o tempo de carregamento, como na referência, resultando em uma pontuação de 0.5. A média dos critérios é 0.67.;precision;0.67
;helpfulness;0.9
A resposta gerada é precisa em termos de contexto técnico, mencionando a falta de índice na coluna data_venda e a necessidade de otimização. No entanto, há uma pequena alucinação ao assumir o papel de 'administrador do sistema', enquanto a pergunta não especifica o papel do usuário. A resposta está focada na questão, mas não aborda a expectativa de desempenho de 30 segundos mencionada na referência. As informações são factualmente corretas, mas não totalmente alinhadas com a resposta esperada, que sugere um tempo de geração de relatório mais curto.;precision;0.67
A resposta gerada cobre quase todos os pontos da resposta esperada, incluindo o cálculo correto do desconto e a identificação do bug. No entanto, ela omite o detalhamento do subtotal, desconto e total, que é um critério de aceitação importante. A precisão é alta, pois as informações fornecidas são corretas e relevantes, mas a falta de detalhamento específico reduz o recall. A resposta gerada também não menciona explicitamente o papel do vendedor, mas isso não afeta significativamente a precisão ou o recall.;f1_score;0.9
A resposta gerada é precisa em termos de contexto técnico e critérios de aceitação, mas não menciona detalhes técnicos específicos como o uso de RecyclerView ou scroll infinito, que são relevantes para a solução. Não há alucinações, pois todas as informações são baseadas em práticas comuns de desenvolvimento Android. A resposta está focada na pergunta, abordando o problema de travamento e ANR. No entanto, a correção factual é ligeiramente menor devido à falta de detalhes técnicos específicos mencionados na resposta esperada.;precision;0.83
A resposta gerada é clara e bem estruturada, com uma organização lógica que segue um formato de história de usuário e critérios de aceitação. A linguagem é simples e direta, facilitando a compreensão. No entanto, a resposta poderia ser mais concisa, pois repete informações já mencionadas, como o problema do z-index. A ausência de ambiguidade é alta, mas a resposta poderia incluir mais detalhes sobre a solução técnica, como o valor exato do z-index necessário. No geral, a resposta é clara, mas poderia ser mais direta e menos redundante.;clarity;0.85
A resposta gerada é bastante precisa, pois aborda corretamente os critérios de aceitação e os problemas identificados, como XSS, timeout e race condition. No entanto, omite detalhes técnicos importantes, como o uso de 'lock otimista/pessimista' e 'idempotency key'. A precisão é alta, mas não perfeita, devido à falta de detalhes técnicos específicos. O recall é ligeiramente menor, pois a resposta gerada não inclui todas as informações técnicas e de contexto presentes na resposta esperada, como a menção ao 'circuit breaker' e 'webhook de confirmação assíncrono'.;f1_score;0.8743
A resposta gerada é precisa e aborda diretamente os problemas relatados no contexto, oferecendo soluções técnicas detalhadas para cada um. Não há alucinações, pois todas as informações são baseadas em práticas comuns de desenvolvimento de software, como CRDTs e uploads em chunks. A resposta mantém o foco na pergunta, abordando os problemas de sincronização e perda de dados. A correção factual é alta, pois as soluções propostas são tecnicamente viáveis e relevantes para os problemas descritos. No entanto, a resposta poderia ser mais concisa, evitando detalhes excessivos em algumas seções.;precision;0.9
A resposta gerada cobre corretamente os principais problemas, como conflitos de dados, upload de anexos, ordem de operações e gerenciamento de memória. No entanto, falta detalhamento em algumas áreas, como a implementação de CRDTs ou Vector Clocks para resolução de conflitos e o uso de chunked upload com checkpoints. A resposta também não menciona a necessidade de notificar os usuários sobre conflitos e falhas de upload, o que é crucial. A precisão é alta, mas o recall é menor devido à omissão de detalhes técnicos importantes presentes na resposta esperada.;f1_score;0.7467
;helpfulness;0.76
A resposta gerada é clara e atende a todos os critérios de avaliação. A organização é lógica e segue uma estrutura bem definida, com critérios de aceitação claros. A linguagem é simples e direta, sem jargões desnecessários, tornando-a fácil de entender. Não há ambiguidades na resposta, pois cada passo do processo é descrito de forma precisa. Além disso, a resposta é concisa, fornecendo apenas as informações necessárias sem redundâncias. Portanto, a resposta é clara e eficaz em comunicar a solução para o problema apresentado.;clarity;1.0
A resposta gerada é bem organizada, com uma estrutura lógica que separa claramente os critérios de aceitação e o contexto técnico. A linguagem é simples e direta, facilitando a compreensão. Não há ambiguidades, pois a resposta especifica claramente as condições para acesso e os erros esperados. A concisão é mantida, com informações relevantes e sem redundâncias. No entanto, poderia incluir mais detalhes sobre a implementação técnica, como o uso de middleware, para ser ainda mais completa. No geral, a resposta é clara e eficaz na comunicação dos requisitos de segurança.;clarity;0.9
A resposta gerada é precisa e não contém alucinações, pois todas as informações são baseadas nos dados fornecidos pelo usuário. A resposta está focada na pergunta, abordando diretamente o problema do cálculo incorreto do desconto. Além disso, a correção factual é alta, pois a resposta explica corretamente como o desconto deve ser aplicado sobre o valor total dos produtos, resultando no valor esperado de R$ 1.350. Não há desvios ou informações irrelevantes, e a explicação técnica está alinhada com o cenário apresentado.;precision;1.0
;helpfulness;0.95
A resposta gerada é clara e bem estruturada, com uma organização lógica que segue o fluxo de um cenário de uso típico. A linguagem é simples e direta, facilitando a compreensão. Não há ambiguidades, pois a resposta especifica claramente o comportamento esperado do sistema. No entanto, poderia ser mais concisa ao eliminar a repetição desnecessária entre o contexto técnico e os critérios de aceitação. A inclusão de uma explicação sobre o formato correto do email, como na resposta esperada, poderia melhorar a clareza geral.;clarity;0.9
A resposta gerada é precisa e não contém alucinações, pois descreve corretamente a necessidade de ajuste do layout ao girar o dispositivo para landscape. Está focada na pergunta, abordando diretamente o problema do layout quebrado. Além disso, a correção factual é alta, pois os critérios de aceitação mencionados são consistentes com a resposta esperada, como a visibilidade e funcionalidade dos elementos. Não há informações inventadas ou imprecisas, e a resposta atende aos requisitos da pergunta sem divagações.;precision;1.0
A resposta gerada é clara e bem estruturada, com uma organização lógica que segue o formato de história de usuário e critérios de aceitação. A linguagem é simples e direta, facilitando a compreensão. Não há ambiguidades, pois a resposta especifica claramente o comportamento esperado ao girar o dispositivo. No entanto, a resposta poderia ser um pouco mais concisa, eliminando algumas repetições, como a menção de 'layout quebrado' e 'sobreposição ou corte', que são similares. No geral, a resposta é clara e eficaz, mas poderia ser ligeiramente mais enxuta.;clarity;0.9
A resposta gerada é precisa e não contém alucinações, pois todas as informações apresentadas são baseadas nos dados fornecidos pelo usuário. A resposta está focada na questão, abordando diretamente o problema do webhook não ser chamado e os critérios de aceitação esperados. No entanto, a resposta omite o nome do gateway de pagamento, que estava presente na resposta esperada, resultando em uma pequena imprecisão factual. No geral, a resposta é clara e relevante, mas a ausência do nome do gateway impede uma pontuação perfeita.;precision;0.9
;correctness;0.95
A resposta gerada é clara e bem estruturada, com uma organização lógica que facilita a compreensão. A linguagem é simples e direta, evitando jargões desnecessários, o que a torna fácil de entender. Não há ambiguidades, pois a resposta comunica claramente as expectativas e soluções. É concisa, fornecendo informações essenciais sem redundâncias. No entanto, poderia incluir mais detalhes técnicos sobre a implementação da solução, como exemplos de código, para ser ainda mais completa. No geral, a resposta atende bem aos critérios de clareza.;clarity;0.9
A resposta gerada é bem organizada, com uma estrutura lógica que segue o fluxo do problema apresentado. A linguagem é clara e direta, facilitando a compreensão, embora use termos técnicos que podem não ser familiares a todos os leitores. Não há ambiguidades significativas, e a resposta comunica claramente o que é necessário para resolver o problema. No entanto, a resposta poderia ser mais concisa, pois repete algumas informações já implícitas no contexto técnico. No geral, a resposta é clara e eficaz, mas poderia ser ligeiramente mais direta e menos repetitiva.;clarity;0.85
A resposta gerada não contém alucinações, pois é uma descrição genérica de um fluxo de usuário comum em e-commerce, portanto, recebe 1.0 em ausência de alucinações. No entanto, a resposta não está focada na pergunta específica sobre o problema técnico do botão 'Adicionar ao Carrinho' não funcionar para o produto ID 1234, resultando em 0.0 em foco na pergunta. Em termos de correção factual, a resposta não aborda o problema técnico específico mencionado, então recebe 0.0. A média dos critérios é 0.33.;precision;0.33
A resposta gerada é precisa e não contém alucinações, pois descreve corretamente a necessidade de validação do campo de email, alinhando-se com a expectativa de impedir cadastros inválidos. Está focada na pergunta, abordando diretamente o problema de aceitação de emails sem '@'. Além disso, a resposta é factualmente correta, pois os critérios de aceitação mencionados são consistentes com práticas comuns de validação de email. Não há informações inventadas ou irrelevantes, e a resposta está em conformidade com a referência fornecida.;precision;1.0
;correctness;0.85
;helpfulness;0.735
;correctness;0.7578
;helpfulness;0.7
;helpfulness;0.95
A resposta gerada menciona a necessidade de otimizar a query SQL com um índice, o que é correto e relevante. No entanto, ela sugere um tempo de geração de relatório de até 120 segundos, enquanto a resposta esperada requer menos de 30 segundos, o que é incorreto. Além disso, a resposta gerada não menciona a necessidade de desempenho consistente em horário de pico, omitindo um critério importante. A precisão é penalizada por informações incorretas e a recall por omissões significativas.;f1_score;0.5455